Deciduous Broadleaf Trees,Evergreen Broadleaf Trees,Evergreen Needleleaf Trees,grass,shrub
352.2928641,324.4457066,330.7021778,427.7760857,206.1221335
,69.19826278,108.3012671,62.14261978,25.85019345
,,43.42105822,,178.1546762
,,352.0118966,,
,,58.20649283,,
